crop_name,year_start,india_cost_unweighted,india_cost_wavg_sample
Apple,2010,19470.015271,19470.015271
Apple,2011,20790.204386999998,20790.204386999998
Apple,2012,22615.24053,22615.240530000003
Apple,2013,24416.842344999997,24416.842345
Apple,2014,26560.436468,26560.436468000004
Apple,2015,28977.352416,28977.352416000005
Apple,2016,31429.618548999995,31429.618548999995
Apple,2017,32421.369208,32421.369208000004
Apple,2018,34307.946052,34307.946052
Apple,2019,36890.141307,36890.141307
Apple,2020,40031.39710499999,40031.397105000004
Apple,2021,43993.33624799999,43993.336248
Apple,2022,46950.43146000001,46950.43146000001
Apple,2023,50920.575276,50920.575275999996
Apple,2024,54749.32088400001,54749.320884000015
Apple,2025,59280.58101400001,59280.581014
Bajra,1996,6037.661666666667,5499.490404172098
Bajra,1997,6432.9839999999995,6068.355931721195
Bajra,1998,7874.936,8549.046066666666
Bajra,1999,8652.458000000002,8560.29614640884
Bajra,2000,8826.702000000001,8598.537394014962
Bajra,2001,9280.068,8234.203408284024
Bajra,2002,11562.676000000001,11636.853897581792
Bajra,2003,9782.008,8955.140065005417
Bajra,2004,10132.338,9917.967891566264
Bajra,2005,10395.435,10353.59155287818
Bajra,2006,11798.586666666668,11979.111699604744
Bajra,2007,13118.078333333337,12493.59388821385
Bajra,2008,16205.565000000002,15807.956693548385
Bajra,2009,18064.59833333333,17704.49379032258
Bajra,2010,18634.88,17382.725099778272
Bajra,2011,22791.09857142857,22287.231681643127
Bajra,2012,26359.967142857142,25322.660517751483
Bajra,2013,32361.425714285717,29254.383959537572
Bajra,2014,37208.534,32968.51429022082
Bajra,2015,37821.008,33286.3753735475
Bajra,2016,42134.506,38403.677025796664
Bajra,2017,40075.662,37162.16686363637
Bajra,2018,46809.118,41949.99113636364
Bajra,2019,48369.621999999996,46084.038325652844
Bajra,2020,48620.602,44797.83579626973
Bajra,2021,53600.848,47300.58113333333
Banana,2010,19036.888735,19036.888735
Banana,2011,20068.512100000004,20068.512100000004
Banana,2012,21968.050986999995,21968.050987
Banana,2013,24053.138153000004,24053.138153000004
Banana,2014,26141.088613999997,26141.088614
Banana,2015,28501.441421,28501.441421
Banana,2016,31098.236223,31098.236223
Banana,2017,32097.181567,32097.181566999996
Banana,2018,33897.99243,33897.992430000006
Banana,2019,36949.160846,36949.160846000006
Banana,2020,39878.461868,39878.461868
Banana,2021,43192.259452,43192.259452
Banana,2022,47403.64676100001,47403.646761
Banana,2023,50999.760720000006,50999.760720000006
Banana,2024,54958.625232,54958.625232
Banana,2025,59107.607247,59107.607247
Barley,1996,11205.835,10989.534285714284
Barley,1998,11625.86,11640.634312796208
Barley,1999,14133.59,13865.179072847683
Barley,2000,14491.49,13973.93402366864
Barley,2001,14847.225,14356.133913043479
Barley,2002,18049.47,17898.679859154927
Barley,2003,17253.96,16501.030829268293
Barley,2004,18069.023333333334,17494.855989304815
Barley,2005,21110.05,20935.255652173913
Barley,2006,22000.93,21910.304233128834
Barley,2007,23602.23,23458.723229813662
Barley,2008,24818.895,24837.204523809527
Barley,2009,26875.725,27098.633211678833
Barley,2010,27833.77,26813.93909090909
Barley,2011,38103.935,39218.54
Barley,2012,42394.53,43152.81039473684
Barley,2013,43801.72,45014.69723076923
Barley,2014,43585.43,44203.32147651007
Barley,2015,44734.78,46604.80173076923
Barley,2016,50358.17,53241.023663366344
Barley,2017,57695.59666666667,57942.26744444445
Barley,2018,55849.42999999999,59557.50022711788
Barley,2019,58195.60999999999,61736.490476190476
Barley,2020,61235.82000000001,60361.68803921568
Barley,2021,68712.82666666666,69776.76208333333
Coconut,2010,16115.676507999999,16115.676508
Coconut,2011,16435.754966,16435.754966
Coconut,2012,17520.097289999998,17520.09729
Coconut,2013,19073.340552,19073.340552
Coconut,2014,21719.498095,21719.498095
Coconut,2015,23481.896035000005,23481.896035000005
Coconut,2016,25002.225776999996,25002.225776999996
Coconut,2017,25811.421256,25811.421256
Coconut,2018,27987.319522000013,27987.319522
Coconut,2019,31910.332126999994,31910.332126999998
Coconut,2020,33995.756257,33995.756257
Coconut,2021,34358.959233999994,34358.959233999994
Coconut,2022,36672.640956,36672.640956
Coconut,2023,39405.145662,39405.145662
Coconut,2024,42226.49108600001,42226.491086
Coconut,2025,46406.39064,46406.39064
Coffee,2010,50457.071624,50457.071624
Coffee,2011,53663.965304,53663.965304
Coffee,2012,57328.106965,57328.10696499999
Coffee,2013,61905.190081,61905.190081
Coffee,2014,66289.774269,66289.774269
Coffee,2015,72481.953736,72481.95373599998
Coffee,2016,77626.678957,77626.678957
Coffee,2017,79624.096858,79624.096858
Coffee,2018,84678.426466,84678.42646599999
Coffee,2019,92250.973648,92250.973648
Coffee,2020,100131.54530999999,100131.54530999999
Coffee,2021,108162.493292,108162.493292
Coffee,2022,117865.291534,117865.29153399999
Coffee,2023,129566.93413100003,129566.93413100003
Coffee,2024,140011.67583500003,140011.67583500003
Coffee,2025,151175.09958700003,151175.099587
Cotton,1996,16216.017500000002,15036.349430670341
Cotton,1997,13959.240000000002,15406.028766519823
Cotton,1998,15943.622,15341.35876977153
Cotton,1999,16912.127777777776,16015.417441077441
Cotton,2000,16497.278888888886,15091.09153846154
Cotton,2001,18322.14333333333,17925.87160127253
Cotton,2002,21023.455555555556,19249.102111506523
Cotton,2003,24218.933333333334,23932.26070640176
Cotton,2004,24050.314444444448,23942.905220729364
Cotton,2005,25901.955555555556,26768.818575667658
Cotton,2006,27316.27,26840.873874614594
Cotton,2007,29503.357777777775,29110.03755223881
Cotton,2008,35905.897,38246.084112595425
Cotton,2009,38675.381,39952.16800718133
Cotton,2010,47186.744,49914.042278026915
Cotton,2011,55625.289000000004,57552.93126854599
Cotton,2012,60139.941000000006,61397.435249999995
Cotton,2013,66868.535,70188.44784100419
Cotton,2014,70431.937,71996.32105864432
Cotton,2015,71339.599,72081.38569084628
Cotton,2016,79203.021,79051.11857414446
Cotton,2017,82274.474,83477.9143313201
Cotton,2018,83038.70090909091,80665.79586897179
Cotton,2019,92254.07636363637,89565.94410971223
Cotton,2020,86119.98090909091,84621.29458689458
Cotton,2021,95657.51363636363,93856.16957380458
Cotton,2022,103658.902581,103658.90258099999
Cotton,2023,109679.25062799998,109679.250628
Cotton,2024,116911.574818,116911.57481799998
Cotton,2025,124753.77946799998,124753.77946799998
Gram,1996,7621.488,7722.079059405941
Gram,1997,7681.552000000001,7572.983037156704
Gram,1998,7827.002,7563.6356501548
Gram,1999,8185.2,8493.166780383795
Gram,2000,10424.6475,10661.707505112476
Gram,2001,10793.69,11142.291669449081
Gram,2002,9885.62125,11011.917512776832
Gram,2003,10211.08,11102.994349845201
Gram,2004,9954.021111111111,10476.426729559747
Gram,2005,12077.393333333333,12948.73131648936
Gram,2006,13160.501,14583.98326139089
Gram,2007,13373.658000000001,14888.350453938585
Gram,2008,16419.729,17194.69124839125
Gram,2009,16909.612,18035.3825
Gram,2010,18877.911,19722.173705179284
Gram,2011,25184.731111111112,28235.263353751914
Gram,2012,29009.763333333332,30550.04730156292
Gram,2013,28436.076666666664,29873.649210526317
Gram,2014,31498.878000000004,32916.00258160237
Gram,2015,35266.880000000005,36599.71213517665
Gram,2016,41342.593,45407.14781021898
Gram,2017,44751.66846153846,45068.49330994153
Gram,2018,43777.46571428572,42815.412942008494
Gram,2019,45145.70833333332,45165.371318537866
Gram,2020,50217.40071428572,48965.97264634147
Gram,2021,52768.39250000001,52835.991555285545
Gram,2022,57169.98024799999,57169.98024799999
Gram,2023,62679.751638,62679.751638
Gram,2024,67023.696686,67023.696686
Gram,2025,70421.31012399998,70421.310124
Grapes,2010,29673.080462000005,29673.080462000005
Grapes,2011,31634.65064,31634.650639999996
Grapes,2012,33890.766668000004,33890.766668
Grapes,2013,36913.666136,36913.66613600001
Grapes,2014,39876.47512299999,39876.47512299999
Grapes,2015,44027.00258600001,44027.002586
Grapes,2016,47869.217308,47869.217308
Grapes,2017,49104.56427899999,49104.56427899999
Grapes,2018,52403.43253,52403.43252999999
Grapes,2019,56639.28565199999,56639.285652000006
Grapes,2020,61675.005464,61675.005464
Grapes,2021,66521.106442,66521.10644199999
Grapes,2022,72033.395771,72033.395771
Grapes,2023,78396.384463,78396.38446299998
Grapes,2024,83441.53464,83441.53464000001
Grapes,2025,90045.201007,90045.201007
Groundnut,1996,13052.491999999998,13002.223860398859
Groundnut,1997,13427.683333333334,13453.784327784892
Groundnut,1998,14889.486666666666,14846.363564753005
Groundnut,1999,14329.646666666666,13202.104920424403
Groundnut,2000,13866.695,12715.921229508196
Groundnut,2001,15318.933333333334,14317.365793103447
Groundnut,2002,16969.47,15494.205733695651
Groundnut,2003,18036.6,17596.958134969325
Groundnut,2004,19220.246,18799.5902170767
Groundnut,2005,19087.735999999997,19104.726481481484
Groundnut,2006,19179.912,19169.770770577936
Groundnut,2007,23634.701999999997,24108.235562805876
Groundnut,2008,27700.923333333336,28212.970145719493
Groundnut,2009,30364.846666666668,31133.44573770492
Groundnut,2010,37079.541666666664,37218.60212314225
Groundnut,2011,47741.343333333345,47796.454274661504
Groundnut,2012,57718.69999999999,59184.845899581596
Groundnut,2013,58048.263333333336,60185.05736951983
Groundnut,2014,57857.48857142857,61138.80436008677
Groundnut,2015,66829.84,68403.00840764331
Groundnut,2016,68606.77428571429,72517.12787941788
Groundnut,2017,66084.21777777777,70489.78698591549
Groundnut,2018,67658.78099999999,68253.37361271678
Groundnut,2019,74597.827,76058.89482269505
Groundnut,2020,83339.08272727272,81605.13769130998
Groundnut,2021,91465.99454545455,87337.96284530387
Jowar,1996,6334.87,6343.482769230769
Jowar,1997,6173.866,6118.921607378129
Jowar,1998,6766.157499999999,6996.1777923976615
Jowar,1999,8133.886666666665,9396.968643835615
Jowar,2000,8030.765,9362.62157099698
Jowar,2001,9896.16,11311.576515580737
Jowar,2002,9819.859999999999,10490.980077041602
Jowar,2003,9972.721666666666,10821.304332784184
Jowar,2004,9052.436666666666,9410.229500805155
Jowar,2005,9980.848333333333,12077.969802371543
Jowar,2006,10616.798333333334,12121.907444219069
Jowar,2007,12142.091666666667,14316.190543259558
Jowar,2008,14549.975,16404.31323255814
Jowar,2009,15234.485,17225.15432835821
Jowar,2010,19821.665,21232.060216216218
Jowar,2011,24191.25,28209.796460481102
Jowar,2012,25677.424,28137.55198369565
Jowar,2013,30771.033999999996,31248.59315068493
Jowar,2014,31875.444999999996,33234.2540625
Jowar,2015,30523.021666666667,28502.2804601227
Jowar,2016,35011.14,33754.60550943397
Jowar,2017,43390.555,41545.03227272727
Jowar,2018,41251.362857142856,41450.32532467532
Jowar,2019,48360.71000000001,48645.126264150946
Jowar,2020,52070.202,45383.07721030042
Jowar,2021,56317.13166666666,50558.50926966292
Jute,1996,13946.936666666666,14571.751903409091
Jute,1997,11735.935,13594.455578034684
Jute,1998,13196.760000000002,15152.60356321839
Jute,1999,16091.32,17122.68079575597
Jute,2000,15789.29,16547.271605633803
Jute,2001,16867.100000000002,17770.40957142857
Jute,2002,17949.850000000002,19634.602834394904
Jute,2003,17850.55,19711.334207317075
Jute,2004,19540.566666666666,21468.948777429465
Jute,2005,23636.516666666663,23886.089709677417
Jute,2006,24377.566666666666,26248.29308411215
Jute,2007,25085.89333333333,27091.492192691032
Jute,2008,30398.583333333332,31981.869158878504
Jute,2009,34743.89333333333,37925.858289473676
Jute,2010,44741.166666666664,48249.29323232324
Jute,2011,50722.26,52310.62237012987
Jute,2012,58922.79,58913.31343283582
Jute,2013,64029.19666666668,63870.49571428572
Jute,2014,61198.99,73673.54936507935
Jute,2015,64532.1325,76589.86836257309
Jute,2016,70769.40999999999,86348.99077922078
Jute,2017,77104.51333333335,91244.27888888889
Jute,2018,80882.39,94826.98255813954
Jute,2019,80813.56666666667,95719.44935222671
Jute,2020,83729.61666666668,101702.3420441989
Jute,2021,81265.63,106023.71036458334
Jute,2022,113532.11354800004,113532.11354800004
Jute,2023,120776.68896200003,120776.68896200003
Jute,2024,128912.27003400004,128912.27003400003
Jute,2025,139874.65510400003,139874.655104
Kidneybeans,2010,8909.049848,8909.049848
Kidneybeans,2011,9587.067528999998,9587.067528999998
Kidneybeans,2012,10710.974642,10710.974642
Kidneybeans,2013,11604.411840999997,11604.411840999997
Kidneybeans,2014,12570.355094999999,12570.355094999999
Kidneybeans,2015,13901.661372000002,13901.661372
Kidneybeans,2016,14882.644290000002,14882.644290000002
Kidneybeans,2017,14976.944639999998,14976.944640000002
Kidneybeans,2018,14908.172337999998,14908.172337999997
Kidneybeans,2019,16544.002021,16544.002021
Kidneybeans,2020,17457.188778,17457.188778
Kidneybeans,2021,18869.11,18869.109999999997
Kidneybeans,2022,20374.693497,20374.693497
Kidneybeans,2023,22447.062165,22447.062165
Kidneybeans,2024,24356.663068,24356.663068000005
Kidneybeans,2025,25632.969380000002,25632.96938
Lentil,1999,9123.443333333335,9162.561677631578
Lentil,2000,8882.473333333333,8811.72880239521
Lentil,2001,9353.153333333334,9592.312814371257
Lentil,2002,7766.332,9935.334802431611
Lentil,2003,8894.439999999999,10331.82266881029
Lentil,2010,17312.696,18821.661546961324
Lentil,2011,21262.497499999998,20379.81406926407
Lentil,2012,25071.36,23609.279256198348
Lentil,2013,25704.5925,25099.92157657658
Lentil,2014,32487.7575,33175.4763592233
Lentil,2015,34765.425,34817.146637168145
Lentil,2016,37652.450000000004,37730.15975
Lentil,2017,40155.585999999996,33735.74373831776
Lentil,2018,41157.60666666667,37042.267397260264
Lentil,2019,40173.305,40687.911920903956
Lentil,2020,44984.5825,42728.658479262675
Lentil,2021,45777.1225,45996.83358208956
Lentil,2022,49540.55988700001,49540.559887
Lentil,2023,53909.930279,53909.93027899999
Lentil,2024,57612.061866000004,57612.061866
Lentil,2025,60443.454044,60443.454044
Maize,1996,8429.003333333332,7968.003134517768
Maize,1997,8263.763333333334,8184.138222811672
Maize,1998,9504.091428571428,8928.597326732674
Maize,1999,10898.595714285713,10447.702413793104
Maize,2000,10991.332857142856,10662.200947368421
Maize,2001,11264.06,10890.973994708995
Maize,2002,12140.003333333334,11787.63713776722
Maize,2003,12869.468000000003,13386.216420704846
Maize,2004,12224.241999999998,12748.99450323974
Maize,2005,14090.994166666665,15274.98283349562
Maize,2006,14331.539166666664,15281.196616541354
Maize,2007,17184.886666666665,18209.868982725526
Maize,2008,20273.5,20870.168715874624
Maize,2009,22095.928999999996,22709.64600831601
Maize,2010,25512.896,25177.449712460064
Maize,2011,30127.867,30693.432169042768
Maize,2012,36556.416000000005,36211.141143756555
Maize,2013,39990.513999999996,40684.51694989107
Maize,2014,48479.50461538461,45314.19704433498
Maize,2015,51809.056923076925,49200.29799356223
Maize,2016,52337.76076923077,50343.352439024384
Maize,2017,56956.89357142858,52449.94068558968
Maize,2018,59939.14266666667,53858.73624370593
Maize,2019,65376.37733333334,58453.46304703476
Maize,2020,67669.31384615385,62369.094621513934
Maize,2021,71337.74928571428,66977.33751214771
Maize,2022,73495.53660499999,73495.53660499999
Maize,2023,79180.800795,79180.800795
Maize,2024,85207.07327499999,85207.073275
Maize,2025,90872.74547399997,90872.74547399998
Mango,2010,9424.903345,9424.903344999999
Mango,2011,9978.464604,9978.464603999997
Mango,2012,10725.346431,10725.346430999998
Mango,2013,11694.300092000001,11694.300092000001
Mango,2014,12685.218306,12685.218306
Mango,2015,13932.664377000001,13932.664377000003
Mango,2016,15108.329414,15108.329414
Mango,2017,15429.410869999998,15429.41087
Mango,2018,16526.080179,16526.080179
Mango,2019,17907.220286,17907.220285999996
Mango,2020,19361.397102,19361.397102
Mango,2021,20919.827576000003,20919.827576
Mango,2022,23233.368566,23233.368565999997
Mango,2023,24734.514379,24734.514379
Mango,2024,26540.821606,26540.821606000005
Mango,2025,28170.013487000007,28170.013487
Masur,2004,8030.6,10179.993162393162
Masur,2005,10603.752499999999,11650.430222929936
Masur,2006,10861.86,11726.018745247147
Masur,2007,12857.8,12247.413818897638
Masur,2008,14935.765999999998,14955.32491017964
Masur,2009,17218.026,17913.87166180758
Masur,2010,17312.696,18821.661546961324
Masur,2011,21262.497499999998,20379.81406926407
Masur,2012,25071.36,23609.279256198348
Masur,2013,25704.5925,25099.92157657658
Masur,2014,32487.7575,33175.4763592233
Masur,2015,34765.425,34817.146637168145
Masur,2016,37652.450000000004,37730.15975
Masur,2017,40155.585999999996,33735.74373831776
Masur,2018,41157.60666666667,37042.267397260264
Masur,2019,40173.305,40687.911920903956
Masur,2020,44984.5825,42728.658479262675
Masur,2021,45777.1225,45996.83358208956
Moong,1996,4938.25,4634.775848101266
Moong,1997,5151.84,4681.845547073792
Moong,1998,5703.883333333334,5540.893822115385
Moong,1999,7007.75,6924.253729603729
Moong,2000,7051.9025,6766.5855684454755
Moong,2001,8186.129999999999,7778.851362725451
Moong,2002,7395.587500000001,6960.196147308782
Moong,2003,7092.9025,6951.382808080808
Moong,2004,7197.785,7337.837559241705
Moong,2005,8381.189999999999,8060.265470085471
Moong,2006,9670.685999999998,9465.431575757573
Moong,2007,9674.831999999999,9466.945078809107
Moong,2008,10776.395999999999,10010.189469879519
Moong,2009,12544.176000000001,12843.020900473934
Moong,2010,14959.018,15765.757729007635
Moong,2011,17957.83,17609.892626931567
Moong,2012,21194.201666666664,20239.68180555556
Moong,2013,23226.371666666662,21403.717411504425
Moong,2014,23994.743333333332,22182.34758483034
Moong,2015,26610.293333333335,24359.005762711862
Moong,2016,27925.896666666667,25814.694924012154
Moong,2017,28033.850909090906,25433.878556876058
Moong,2018,28353.700833333336,26200.09451612904
Moong,2019,30948.674166666675,28968.37738181818
Moong,2020,35944.05818181818,29479.83610769231
Moong,2021,38034.46545454545,33034.49590277778
Moong,2022,35586.02747400001,35586.027474
Moong,2023,38824.53541999999,38824.53542
Moong,2024,41518.34298600001,41518.342986
Moong,2025,43946.764110000004,43946.76411
Mothbeans,2010,18548.730186,18548.730185999997
Mothbeans,2011,19398.71767,19398.71767
Mothbeans,2012,21972.354198999998,21972.354198999998
Mothbeans,2013,23754.961574000004,23754.961574000004
Mothbeans,2014,26103.939105000005,26103.939105000005
Mothbeans,2015,29217.093658000005,29217.09365800001
Mothbeans,2016,30778.498655000003,30778.498655000003
Mothbeans,2017,30300.017702,30300.017702000005
Mothbeans,2018,30615.303271000004,30615.303271
Mothbeans,2019,33940.920043,33940.92004299999
Mothbeans,2020,36398.599672,36398.599672
Mothbeans,2021,39556.13941,39556.139409999996
Mothbeans,2022,42369.110057,42369.110057
Mothbeans,2023,46400.0,46400.0
Mothbeans,2024,49475.346987000004,49475.346987
Mothbeans,2025,51537.607525,51537.607525
Muskmelon,2010,18601.383171999998,18601.383171999998
Muskmelon,2011,19732.801146,19732.801145999998
Muskmelon,2012,20970.991168,20970.991168
Muskmelon,2013,22957.346527000005,22957.346527000005
Muskmelon,2014,24798.863604999995,24798.863605
Muskmelon,2015,27644.324932,27644.324932
Muskmelon,2016,29080.071819999997,29080.071819999997
Muskmelon,2017,29928.717099,29928.717099000005
Muskmelon,2018,31621.790659,31621.790659
Muskmelon,2019,34406.725144,34406.72514399999
Muskmelon,2020,37755.46411300001,37755.464113
Muskmelon,2021,41088.730319,41088.73031900001
Muskmelon,2022,44209.155558,44209.155558
Muskmelon,2023,47584.89007200002,47584.890072
Muskmelon,2024,52900.27976799999,52900.27976799999
Muskmelon,2025,56000.0,56000.0
Nigerseed,1996,3576.76,3576.76
Nigerseed,1997,3712.17,3712.17
Nigerseed,1998,4497.7,4497.7
Nigerseed,1999,5246.67,5246.67
Nigerseed,2000,5558.81,5558.81
Nigerseed,2001,4751.43,4751.43
Nigerseed,2002,5253.19,5253.19
Nigerseed,2003,5646.395,5718.332857142857
Nigerseed,2004,5620.15,5620.15
Nigerseed,2005,5142.43,4952.993636363636
Nigerseed,2006,5257.49,5257.49
Nigerseed,2007,5587.625,5471.98
Nigerseed,2008,8191.07,8191.07
Nigerseed,2009,9304.92,9304.92
Nigerseed,2010,10198.28,10198.28
Nigerseed,2011,13951.74,13951.74
Nigerseed,2012,16731.36,16731.36
Nigerseed,2013,16762.19,16762.19
Nigerseed,2014,17000.96,16349.5
Nigerseed,2015,22676.14,20914.739999999998
Nigerseed,2016,21199.565000000002,21106.876923076925
Nigerseed,2017,22662.69,22662.69
Nigerseed,2018,18745.25,18745.25
Nigerseed,2019,20283.33,20283.33
Nigerseed,2020,24649.39,24649.39
Nigerseed,2021,27311.46,27311.46
Onion,1996,20377.96,20377.96
Onion,1997,21992.42,21992.42
Onion,1998,26410.57,26410.57
Onion,1999,24554.83,27640.672666666665
Onion,2000,27190.855,34045.924047619046
Onion,2001,30315.64,33916.612857142856
Onion,2002,24846.66,26764.350188679247
Onion,2003,33537.78,40614.439354838716
Onion,2004,30286.965,34838.10666666667
Onion,2005,40937.166666666664,46800.06537499999
Onion,2006,44281.67333333334,47613.58044117647
Onion,2007,46236.95333333333,49058.235157894735
Onion,2008,56409.725000000006,59309.6645
Onion,2009,54123.675,56434.826232876716
Onion,2010,67074.0625,71036.96503267974
Onion,2011,70361.985,79665.28187500002
Onion,2012,85303.765,103773.37175438597
Onion,2013,97977.42000000001,114111.12910344829
Onion,2014,117239.63,124685.19531468532
Onion,2015,116818.38,132212.9558293839
Onion,2016,101490.33333333333,115115.84074074074
Onion,2017,132536.38333333333,142336.39517241382
Onion,2018,110642.55666666664,114799.89025380713
Onion,2019,147013.37333333332,164742.0221686747
Onion,2020,165920.14428571425,184257.86108597284
Onion,2021,168319.43142857144,187381.46142307692
Orange,2010,20673.560398999998,20673.560399
Orange,2011,22140.120935,22140.120935
Orange,2012,24200.833065000003,24200.833065
Orange,2013,26124.973977999995,26124.973977999998
Orange,2014,28502.232049000002,28502.232049
Orange,2015,31046.78355,31046.783549999996
Orange,2016,34025.589551,34025.589551
Orange,2017,34764.43947699999,34764.439477
Orange,2018,37065.264009000006,37065.264009
Orange,2019,40111.889396,40111.889396
Orange,2020,43223.52488199999,43223.524882
Orange,2021,47337.968229000006,47337.968229
Orange,2022,51071.452631,51071.45263099999
Orange,2023,55042.864714,55042.864714
Orange,2024,59728.799235,59728.79923499999
Orange,2025,65235.820707,65235.820707000006
Paddy,1996,13785.26,13133.444875536481
Paddy,1997,15136.526000000002,14437.282347124643
Paddy,1998,17319.934999999998,16926.438059899287
Paddy,1999,19076.742500000004,18450.252930540242
Paddy,2000,19436.16,18593.0937726967
Paddy,2001,20593.814166666667,19596.384856492023
Paddy,2002,20937.105333333333,21040.305795019158
Paddy,2003,21336.449999999997,21190.87383805289
Paddy,2004,21980.400666666672,22104.356058837264
Paddy,2005,21967.58388888889,22471.633264825516
Paddy,2006,22842.239999999998,23165.328743047827
Paddy,2007,24851.667222222222,25471.37422374429
Paddy,2008,29935.70277777778,30966.62432334047
Paddy,2009,34203.91777777779,35021.64328104287
Paddy,2010,36043.38055555555,37031.032119089316
Paddy,2011,41450.229999999996,42701.29612416469
Paddy,2012,47644.50444444445,48619.60831234814
Paddy,2013,51408.031111111115,52659.21241189428
Paddy,2014,58667.95888888889,61251.71212892281
Paddy,2015,60824.26833333334,62716.17470182993
Paddy,2016,62290.606111111105,64533.43288932632
Paddy,2017,68239.31777777777,69662.68430649012
Paddy,2018,71805.86894736842,70067.74620544609
Paddy,2019,75752.40999999999,74238.56858064517
Paddy,2020,77214.18444444444,76719.75578969956
Paddy,2021,80804.21222222222,78093.31696043166
Paddy,2022,84452.75857000002,84452.75857
Paddy,2023,91402.14722399999,91402.147224
Paddy,2024,98341.7641,98341.76409999999
Paddy,2025,105178.44761,105178.44761
Papaya,2010,22242.93426,22242.934259999998
Papaya,2011,23477.143799000005,23477.143799
Papaya,2012,25532.60886,25532.60886
Papaya,2013,27821.713508000004,27821.713508
Papaya,2014,30251.107591999997,30251.107591999993
Papaya,2015,33172.518917,33172.518917
Papaya,2016,35849.135407,35849.135407
Papaya,2017,36755.74752699999,36755.747527
Papaya,2018,39440.611057999995,39440.611058
Papaya,2019,42938.619664,42938.619664
Papaya,2020,46536.56961,46536.56960999999
Papaya,2021,50617.98838399999,50617.988384
Papaya,2022,54465.26532599999,54465.26532599999
Papaya,2023,59237.00747,59237.00747
Papaya,2024,63441.48960200001,63441.48960200001
Papaya,2025,68201.085285,68201.085285
Peas (Vegetable) (Green),2005,14499.705,16174.46739884393
Peas (Vegetable) (Green),2006,15799.305,17282.06551948052
Peas (Vegetable) (Green),2007,17307.675,19267.832125984252
Peas (Vegetable) (Green),2008,19091.684999999998,20381.92352941176
Peas (Vegetable) (Green),2009,20835.635000000002,21044.918
Peas (Vegetable) (Green),2010,22174.315000000002,23164.321327433634
Peas (Vegetable) (Green),2011,30559.5,30559.5
Peas (Vegetable) (Green),2012,37032.23,37032.23
Peas (Vegetable) (Green),2013,36988.47,36988.47
Pomegranate,2010,23695.244451,23695.244451000002
Pomegranate,2011,25393.195263,25393.195263
Pomegranate,2012,27322.286075000004,27322.286075
Pomegranate,2013,29596.920713000003,29596.920713
Pomegranate,2014,31915.540041,31915.540041000004
Pomegranate,2015,34921.631017,34921.63101700001
Pomegranate,2016,37325.55117900001,37325.551179
Pomegranate,2017,37848.00652299999,37848.006523
Pomegranate,2018,40138.982816,40138.982816
Pomegranate,2019,43322.680180999996,43322.680181
Pomegranate,2020,47177.079429000005,47177.079429
Pomegranate,2021,51598.042507,51598.042507000006
Pomegranate,2022,55609.538724,55609.53872400001
Pomegranate,2023,60536.049730000006,60536.049730000006
Pomegranate,2024,65436.75492,65436.75492
Pomegranate,2025,70721.560176,70721.560176
Potato,1996,34254.585,41849.70954545455
Potato,1997,34602.399999999994,40280.18708029197
Potato,1998,38291.17,41715.95393442622
Potato,1999,35413.9825,36305.730196560195
Potato,2000,35727.3775,36319.54194148936
Potato,2001,41904.01,44435.48528089887
Potato,2002,43164.006,43954.11971311475
Potato,2003,41835.795999999995,45188.61970464136
Potato,2004,41357.964,46718.584351851845
Potato,2005,49177.82499999999,53774.67524038461
Potato,2006,54533.13428571429,57142.280528735646
Potato,2007,58174.44571428571,61868.47618932038
Potato,2008,55013.66,58429.32434782609
Potato,2009,69355.18,78003.33749262537
Potato,2010,72947.6475,76397.00920886076
Potato,2011,68786.4625,80045.04455149501
Potato,2012,79888.845,93007.2015410959
Potato,2013,91880.95749999999,109483.18689655174
Potato,2014,119405.06400000001,130648.67999999998
Potato,2015,116635.78,125803.08914141414
Potato,2016,101825.328,108989.07725373133
Potato,2017,117024.0711111111,122406.72339712919
Potato,2018,127876.39333333331,125342.49
Potato,2019,140860.49444444446,154250.78839050132
Potato,2020,155216.94285714286,175970.2716055046
Potato,2021,159887.76285714284,183398.61887530563
Ragi,1997,13578.445,12221.904594594595
Ragi,1998,10898.496666666666,10798.428608695653
Ragi,1999,14558.04,14151.475357142856
Ragi,2000,15379.980000000001,13929.496451612906
Ragi,2001,16298.095000000001,13626.158157894737
Ragi,2002,13593.38,10196.688795180722
Ragi,2003,13002.230000000001,11839.763428571428
Ragi,2004,12724.835,12237.23941860465
Ragi,2005,16910.443333333333,16380.47757142857
Ragi,2006,16983.26,17112.32326530612
Ragi,2007,19927.4575,18519.798275862067
Ragi,2008,23716.27666666667,23640.52527777778
Ragi,2009,33314.135,28741.471578947374
Ragi,2010,32845.5725,30673.58152777778
Ragi,2011,32535.685999999998,33721.930869565214
Ragi,2012,37586.61,36725.47539473684
Ragi,2013,40400.871999999996,38305.05618421052
Ragi,2014,37072.24,51730.7025
Ragi,2015,43490.15,55948.64142857143
Ragi,2016,39090.14,43402.053478260874
Ragi,2017,52438.91799999999,47381.761788079464
Ragi,2018,48821.74399999999,43240.69700787402
Ragi,2019,55664.368,50350.23257575757
Ragi,2020,59325.81,52759.36666666667
Ragi,2021,53284.875,49635.15565217392
Rapeseed & Mustard (Toria/Taramira),1996,8921.127142857144,8800.348777335983
Rapeseed & Mustard (Toria/Taramira),1997,8132.800000000001,7956.9216442606
Rapeseed & Mustard (Toria/Taramira),1998,10016.75857142857,10082.971436651584
Rapeseed & Mustard (Toria/Taramira),1999,11406.815714285713,11330.228788480636
Rapeseed & Mustard (Toria/Taramira),2000,12454.49375,12724.000979262672
Rapeseed & Mustard (Toria/Taramira),2001,13133.77875,12957.790040444894
Rapeseed & Mustard (Toria/Taramira),2002,12502.82111111111,13148.647254464287
Rapeseed & Mustard (Toria/Taramira),2003,14508.284444444444,14118.927707129094
Rapeseed & Mustard (Toria/Taramira),2004,13673.308888888889,13767.945768169273
Rapeseed & Mustard (Toria/Taramira),2005,15502.774285714284,14889.222486437613
Rapeseed & Mustard (Toria/Taramira),2006,16204.04428571429,15949.271595441598
Rapeseed & Mustard (Toria/Taramira),2007,18148.98375,18212.633806946225
Rapeseed & Mustard (Toria/Taramira),2008,19879.57125,20301.420371747212
Rapeseed & Mustard (Toria/Taramira),2009,22005.49625,22396.730132113822
Rapeseed & Mustard (Toria/Taramira),2010,24511.885,24823.5218389662
Rapeseed & Mustard (Toria/Taramira),2011,29929.541250000002,30162.23449698189
Rapeseed & Mustard (Toria/Taramira),2012,33142.72625,34129.36134927413
Rapeseed & Mustard (Toria/Taramira),2013,35671.71625,36982.39756457564
Rapeseed & Mustard (Toria/Taramira),2014,38487.51375,39540.820148514846
Rapeseed & Mustard (Toria/Taramira),2015,41206.661250000005,42333.04325787402
Rapeseed & Mustard (Toria/Taramira),2016,43641.01375,45156.51229862475
Rapeseed & Mustard (Toria/Taramira),2017,43540.34545454545,46077.7991190253
Rapeseed & Mustard (Toria/Taramira),2018,43931.299999999996,46496.603881118885
Rapeseed & Mustard (Toria/Taramira),2019,45224.46090909091,47506.58436893204
Rapeseed & Mustard (Toria/Taramira),2020,50594.53166666667,53601.98073795181
Rapeseed & Mustard (Toria/Taramira),2021,54677.91833333333,59257.05187737041
Safflower,1997,3592.88,3592.88
Safflower,1998,4269.7,4269.7
Safflower,1999,5793.96,5793.96
Safflower,2000,5429.05,5289.162307692308
Safflower,2001,5708.645,5545.82
Safflower,2002,4828.34,4828.34
Safflower,2003,7576.6,7576.6
Safflower,2004,5174.82,5174.82
Safflower,2005,7265.285,7533.602592592593
Safflower,2006,9753.88,9753.88
Safflower,2007,10028.12,11477.982
Safflower,2008,11806.755000000001,11608.660769230772
Safflower,2009,12074.265,11890.817619047619
Safflower,2010,12816.010000000002,14171.700000000003
Safflower,2011,21108.12,21108.12
Safflower,2012,21108.12,21108.12
Safflower,2013,25904.37,25904.37
Safflower,2014,20283.605,19325.858
Safflower,2015,17831.02,17831.02
Safflower,2017,38876.38,40047.05285714286
Safflower,2018,42067.94,42067.94
Safflower,2019,20822.59,20822.59
Safflower,2020,22538.11,22538.11
Safflower,2021,25162.48,25162.48
Sesamum (Til),1996,4864.34,4721.77421875
Sesamum (Til),1997,5341.326666666667,5502.181142857143
Sesamum (Til),1998,5158.35,5126.5090322580645
Sesamum (Til),1999,6626.754999999999,6933.311538461539
Sesamum (Til),2000,6774.365,6991.102720588235
Sesamum (Til),2001,6924.022,6344.673578431372
Sesamum (Til),2002,7319.267999999999,7855.52811965812
Sesamum (Til),2003,8328.256,8610.417587719297
Sesamum (Til),2004,7713.558333333334,8204.054511784512
Sesamum (Til),2005,9472.541666666666,9801.643146067416
Sesamum (Til),2006,10064.193333333333,9846.204232365144
Sesamum (Til),2007,11334.570000000002,11220.649731543625
Sesamum (Til),2008,14805.196000000002,13855.42536423841
Sesamum (Til),2009,15418.228,15512.60186234818
Sesamum (Til),2010,16822.384,15401.445985401457
Sesamum (Til),2011,21142.62714285714,19489.76254612546
Sesamum (Til),2012,21595.50571428571,22162.17487544484
Sesamum (Til),2013,26604.354285714282,28956.34930909091
Sesamum (Til),2014,29539.010000000002,31085.97458852868
Sesamum (Til),2015,27872.815714285713,27310.612828282832
Sesamum (Til),2016,28662.98285714286,33080.67513618678
Sesamum (Til),2017,34018.615000000005,42095.073520599246
Sesamum (Til),2018,33154.779,36702.4035369775
Sesamum (Til),2019,33301.986666666664,39105.0003257329
Sesamum (Til),2020,36425.534,35208.686561514194
Sesamum (Til),2021,39942.74399999999,41162.06419213973
Soyabean,1996,8375.826666666666,9056.583929539294
Soyabean,1997,8994.216666666667,9561.291796875
Soyabean,1998,9045.353333333333,9245.97072815534
Soyabean,1999,9266.926666666666,9240.399949238577
Soyabean,2000,9623.393333333333,9666.27995203837
Soyabean,2001,10892.56,11111.814265734267
Soyabean,2002,10765.855,11407.870714285715
Soyabean,2003,12651.445,13035.159638826186
Soyabean,2004,12850.1525,13562.036481481482
Soyabean,2005,12627.963333333333,13121.840766488413
Soyabean,2006,14070.605,14598.279110320284
Soyabean,2007,15685.345000000001,16662.95638655462
Soyabean,2008,18241.16,19194.72030195382
Soyabean,2009,21258.193333333333,22942.503283859
Soyabean,2010,22768.246666666662,24141.73847299814
Soyabean,2011,22419.3675,25145.995254515597
Soyabean,2012,29544.627500000002,33739.95351042156
Soyabean,2013,28416.317500000005,32527.959068702286
Soyabean,2014,34763.132000000005,38548.53507512521
Soyabean,2015,34693.094,35525.507624584716
Soyabean,2016,41988.65,44895.13834415585
Soyabean,2017,35643.435,38801.209290220824
Soyabean,2018,40579.99,41933.50508828251
Soyabean,2019,43365.17166666666,44912.29911519199
Soyabean,2020,43345.33375,45965.482335243556
Soyabean,2021,51990.40857142857,56955.46183544304
Sugarcane,1996,28335.289999999997,23946.553424657533
Sugarcane,1997,28943.6075,25630.817565445028
Sugarcane,1998,37217.65333333333,35482.33891221374
Sugarcane,1999,46430.08000000001,45518.32083472454
Sugarcane,2000,46932.935,46461.95545751634
Sugarcane,2001,47331.07,47371.664278260876
Sugarcane,2002,49199.65,48754.05549698795
Sugarcane,2003,45996.33,42829.54908611599
Sugarcane,2004,51296.42142857144,49119.39859793815
Sugarcane,2005,60451.630000000005,60353.9444338118
Sugarcane,2006,60530.469999999994,61466.87795698925
Sugarcane,2007,58647.62142857142,61459.621280575535
Sugarcane,2008,71184.16285714287,73477.87298418973
Sugarcane,2009,90700.9157142857,90945.09256214148
Sugarcane,2010,99305.24285714285,98718.31547579299
Sugarcane,2011,108135.29428571429,115543.38474964234
Sugarcane,2012,110864.13000000002,128046.88357041252
Sugarcane,2013,117679.49714285716,130077.77424375918
Sugarcane,2014,137671.855,146945.8692492013
Sugarcane,2015,141576.20833333334,150614.27015706807
Sugarcane,2016,142310.67,140400.23642857143
Sugarcane,2017,153524.39333333334,172805.73982672018
Sugarcane,2018,156073.678,157629.71042857142
Sugarcane,2019,151946.935,152759.5018825561
Sugarcane,2020,179474.81428571427,201514.74260344828
Sugarcane,2021,181443.0242857143,200106.07541603633
Sunflower,1996,8984.205,8497.070105820107
Sunflower,1997,8554.8,7367.425339805825
Sunflower,1998,8726.220000000001,7225.213442622951
Sunflower,1999,7161.28,7016.550377358491
Sunflower,2000,7204.323333333333,6947.854305555556
Sunflower,2001,10757.516666666668,9381.62060240964
Sunflower,2002,13489.046666666667,11846.207969924813
Sunflower,2003,10141.490000000002,9630.712641509434
Sunflower,2004,10937.726666666667,10087.0703125
Sunflower,2005,10175.19,9576.09119266055
Sunflower,2006,10822.54,10081.141324503313
Sunflower,2007,12457.843333333332,11957.409714285714
Sunflower,2008,16015.846666666665,14327.955266272187
Sunflower,2009,17497.456666666665,14244.277916666668
Sunflower,2010,19929.213333333333,17848.088125
Sunflower,2011,26030.516666666666,23598.94096774193
Sunflower,2012,30502.72666666667,26379.798965517242
Sunflower,2013,25116.956666666665,20535.2928125
Sunflower,2014,30355.565000000002,29209.56176470588
Sunflower,2015,36119.490000000005,32089.06225806452
Sunflower,2016,31608.035000000003,31271.882222222222
Sunflower,2017,28535.64,28535.64
Sunflower,2018,43493.6,33831.038095238095
Sunflower,2019,31300.870000000003,33186.988333333335
Sunflower,2020,53570.02666666667,48802.35866666666
Sunflower,2021,57520.823333333334,55174.663076923076
Tapioca,1997,23289.49,23289.49
Tapioca,1998,27426.47,27426.47
Tapioca,1999,30790.52,30790.519999999997
Tapioca,2000,31641.4,31641.400000000005
Tapioca,2001,34755.41,34755.41
Tur (Arhar),1996,7064.8420000000015,7708.834101633393
Tur (Arhar),1997,7718.459999999999,7831.350978473581
Tur (Arhar),1998,8456.545,8295.454889867842
Tur (Arhar),1999,10104.32125,10521.526058091285
Tur (Arhar),2000,8764.155714285713,9464.985224719101
Tur (Arhar),2001,10279.551428571429,11222.016580937972
Tur (Arhar),2002,10706.60125,11780.116769230768
Tur (Arhar),2003,12196.002499999999,12991.193759286773
Tur (Arhar),2004,12354.352857142858,13561.060855855858
Tur (Arhar),2005,13519.7175,15185.83239520958
Tur (Arhar),2006,13467.40111111111,15647.794033742333
Tur (Arhar),2007,15792.581111111112,17701.335884101038
Tur (Arhar),2008,18263.34888888889,21151.28376220872
Tur (Arhar),2009,22621.801111111112,28363.734072249583
Tur (Arhar),2010,24139.152222222223,30200.84170596394
Tur (Arhar),2011,26289.34375,31969.65358208955
Tur (Arhar),2012,31159.64875,38784.63287784679
Tur (Arhar),2013,34577.473750000005,41873.09551440329
Tur (Arhar),2014,38054.47000000001,44408.24617336152
Tur (Arhar),2015,47892.18142857143,60022.903852813855
Tur (Arhar),2016,48441.95857142857,60764.937541984735
Tur (Arhar),2017,43554.318,56180.94882899629
Tur (Arhar),2018,43522.193636363634,50136.948336714006
Tur (Arhar),2019,52238.62333333333,58376.63069819819
Tur (Arhar),2020,51298.74875,57518.14607287449
Tur (Arhar),2021,52514.902500000004,60168.19293333333
Tur (Arhar),2022,64859.434086,64859.434086
Tur (Arhar),2023,71493.958258,71493.958258
Tur (Arhar),2024,77126.60721399999,77126.607214
Tur (Arhar),2025,79911.391878,79911.39187799998
Urad,1996,5375.746,5177.888137931035
Urad,1997,5265.314,5010.6289314516125
Urad,1998,5317.6025,5056.511974358974
Urad,1999,6891.11,6870.911656184486
Urad,2000,7252.012857142857,7190.036532399298
Urad,2001,8201.751666666665,7992.86789380531
Urad,2002,8075.067499999999,8923.669567387687
Urad,2003,7156.42375,7123.364781144781
Urad,2004,7409.35125,6976.851627906977
Urad,2005,8568.252499999999,8718.835581854044
Urad,2006,11143.11875,10951.173102310231
Urad,2007,10389.724999999999,10347.445824
Urad,2008,11774.18,11332.312079002078
Urad,2009,15237.251250000001,14605.165859649122
Urad,2010,16982.512499999997,16344.517869127518
Urad,2011,20512.837499999998,19439.84022
Urad,2012,22250.54625,20763.095644820296
Urad,2013,22945.973749999997,21928.37982843137
Urad,2014,27375.264285714286,25941.544429347825
Urad,2015,31975.241428571426,31458.745599022008
Urad,2016,31654.842857142856,30099.38860091743
Urad,2017,31863.853333333333,29493.59078697422
Urad,2018,33990.935454545455,26550.23873605948
Urad,2019,34704.899999999994,30569.710117647057
Urad,2020,37001.19636363636,33124.99555921052
Urad,2021,38750.49272727273,35570.2746875
Urad,2022,38191.599478,38191.599478
Urad,2023,41699.621996,41699.621996
Urad,2024,44836.41942599999,44836.419426
Urad,2025,47237.563209,47237.563209
Watermelon,2010,16650.906135,16650.906135
Watermelon,2011,17808.167849,17808.167848999998
Watermelon,2012,19191.798605000004,19191.798605000004
Watermelon,2013,20977.122461,20977.122461
Watermelon,2014,22485.949933999993,22485.949934
Watermelon,2015,24934.241843,24934.241843
Watermelon,2016,26784.695075,26784.695075000003
Watermelon,2017,27768.622368,27768.622367999997
Watermelon,2018,29285.397642000004,29285.397642
Watermelon,2019,31849.071135999995,31849.071136
Watermelon,2020,34579.57537400001,34579.575374
Watermelon,2021,37318.062863,37318.062863
Watermelon,2022,40556.864924999994,40556.864925
Watermelon,2023,43732.87828,43732.878280000004
Watermelon,2024,47359.340004000005,47359.340004
Watermelon,2025,50000.0,50000.0
Wheat,1996,13022.07875,13399.895800865801
Wheat,1997,12862.6775,12678.125445609436
Wheat,1998,14492.164285714285,14135.209549945117
Wheat,1999,15955.037142857142,15774.02725829726
Wheat,2000,16406.33875,16394.115997023808
Wheat,2001,16863.3625,16707.07070742979
Wheat,2002,16944.912727272724,18064.663345145287
Wheat,2003,17346.60454545455,18214.70480659267
Wheat,2004,18007.533636363634,18865.14688507719
Wheat,2005,19588.500833333335,20780.61873617164
Wheat,2006,21791.8475,22795.15419007185
Wheat,2007,23531.914999999997,24696.391925796102
Wheat,2008,26101.063076923077,27222.190404695706
Wheat,2009,28858.373076923075,29678.156023901807
Wheat,2010,30915.510000000002,31873.66240175954
Wheat,2011,35653.70846153846,37922.94500770416
Wheat,2012,38578.34923076922,40811.02236972704
Wheat,2013,41660.275384615394,44317.76465578635
Wheat,2014,43831.29307692308,46911.782138913106
Wheat,2015,46466.88076923077,50165.80353729071
Wheat,2016,48543.2,53298.30037896593
Wheat,2017,53803.41142857144,57808.48929855144
Wheat,2018,55566.55428571429,60870.438635080005
Wheat,2019,56789.16928571429,60907.39203069658
Wheat,2020,59825.29846153846,63885.78206060606
Wheat,2021,61720.346153846156,66824.48613587458
